{"v":4,"entries":{"introduction--docs":{"id":"introduction--docs","title":"Introduction","name":"Docs","importPath":"./stories/Introduction.mdx","storiesImports":[],"type":"docs","tags":["unattached-mdx","docs"]},"installation--docs":{"id":"installation--docs","title":"Installation","name":"Docs","importPath":"./stories/Installation.mdx","storiesImports":[],"type":"docs","tags":["unattached-mdx","docs"]},"usage--docs":{"id":"usage--docs","title":"Usage","name":"Docs","importPath":"./stories/Usage.mdx","storiesImports":[],"type":"docs","tags":["unattached-mdx","docs"]},"types--docs":{"id":"types--docs","title":"Types","name":"Docs","importPath":"./stories/Types.mdx","storiesImports":[],"type":"docs","tags":["unattached-mdx","docs"]},"blockspec--docs":{"id":"blockspec--docs","title":"BlockSpec","name":"Docs","importPath":"./stories/BlockSpec.stories.tsx","type":"docs","tags":["docs","autodocs"],"storiesImports":[]},"blockspec--object-example":{"type":"story","id":"blockspec--object-example","name":"Object Block","title":"BlockSpec","importPath":"./stories/BlockSpec.stories.tsx","tags":["story"]},"blockspec--flow-example":{"type":"story","id":"blockspec--flow-example","name":"Flow-Based Programming","title":"BlockSpec","importPath":"./stories/BlockSpec.stories.tsx","tags":["story"]},"open-gui-actioniconbutton--docs":{"id":"open-gui-actioniconbutton--docs","title":"open-gui/ActionIconButton","name":"Docs","importPath":"./stories/open-gui/ActionIconButton.stories.tsx","type":"docs","tags":["docs","autodocs"],"storiesImports":[]},"open-gui-actioniconbutton--primary":{"type":"story","id":"open-gui-actioniconbutton--primary","name":"Add Button","title":"open-gui/ActionIconButton","importPath":"./stories/open-gui/ActionIconButton.stories.tsx","tags":["story"]},"open-gui-actioniconbutton--toggle":{"type":"story","id":"open-gui-actioniconbutton--toggle","name":"Toggle Button","title":"open-gui/ActionIconButton","importPath":"./stories/open-gui/ActionIconButton.stories.tsx","tags":["story"]},"open-gui-dialog--docs":{"id":"open-gui-dialog--docs","title":"open-gui/Dialog","name":"Docs","importPath":"./stories/open-gui/Dialog.stories.tsx","type":"docs","tags":["docs","autodocs"],"storiesImports":[]},"open-gui-dialog--primary":{"type":"story","id":"open-gui-dialog--primary","name":"Fixed Dialog","title":"open-gui/Dialog","importPath":"./stories/open-gui/Dialog.stories.tsx","tags":["story"]},"open-gui-dialog--draggable":{"type":"story","id":"open-gui-dialog--draggable","name":"Draggable Dialog","title":"open-gui/Dialog","importPath":"./stories/open-gui/Dialog.stories.tsx","tags":["story"]},"open-gui-nestedcontextmenu--docs":{"id":"open-gui-nestedcontextmenu--docs","title":"open-gui/NestedContextMenu","name":"Docs","importPath":"./stories/open-gui/NestedContextMenu.stories.tsx","type":"docs","tags":["docs","autodocs"],"storiesImports":[]},"open-gui-nestedcontextmenu--primary":{"type":"story","id":"open-gui-nestedcontextmenu--primary","name":"Static Context Menu","title":"open-gui/NestedContextMenu","importPath":"./stories/open-gui/NestedContextMenu.stories.tsx","tags":["story"]},"open-gui-nesteddropdown--docs":{"id":"open-gui-nesteddropdown--docs","title":"open-gui/NestedDropdown","name":"Docs","importPath":"./stories/open-gui/NestedDropdown.stories.tsx","type":"docs","tags":["docs","autodocs"],"storiesImports":[]},"open-gui-nesteddropdown--primary":{"type":"story","id":"open-gui-nesteddropdown--primary","name":"Static Dropdown","title":"open-gui/NestedDropdown","importPath":"./stories/open-gui/NestedDropdown.stories.tsx","tags":["story"]},"open-gui-numberinput--docs":{"id":"open-gui-numberinput--docs","title":"open-gui/NumberInput","name":"Docs","importPath":"./stories/open-gui/NumberInput.stories.tsx","type":"docs","tags":["docs","autodocs"],"storiesImports":[]},"open-gui-numberinput--primary":{"type":"story","id":"open-gui-numberinput--primary","name":"Text Button","title":"open-gui/NumberInput","importPath":"./stories/open-gui/NumberInput.stories.tsx","tags":["story"]},"open-gui-numberspinner--docs":{"id":"open-gui-numberspinner--docs","title":"open-gui/NumberSpinner","name":"Docs","importPath":"./stories/open-gui/NumberSpinner.stories.tsx","type":"docs","tags":["docs","autodocs"],"storiesImports":[]},"open-gui-numberspinner--primary":{"type":"story","id":"open-gui-numberspinner--primary","name":"Text Button","title":"open-gui/NumberSpinner","importPath":"./stories/open-gui/NumberSpinner.stories.tsx","tags":["story"]},"open-gui-scrollregion--docs":{"id":"open-gui-scrollregion--docs","title":"open-gui/ScrollRegion","name":"Docs","importPath":"./stories/open-gui/ScrollRegion.stories.tsx","type":"docs","tags":["docs","autodocs"],"storiesImports":[]},"open-gui-scrollregion--primary":{"type":"story","id":"open-gui-scrollregion--primary","name":"Text Button","title":"open-gui/ScrollRegion","importPath":"./stories/open-gui/ScrollRegion.stories.tsx","tags":["story"]},"open-gui-select--docs":{"id":"open-gui-select--docs","title":"open-gui/Select","name":"Docs","importPath":"./stories/open-gui/Select.stories.tsx","type":"docs","tags":["docs","autodocs"],"storiesImports":[]},"open-gui-select--primary":{"type":"story","id":"open-gui-select--primary","name":"Standard Select","title":"open-gui/Select","importPath":"./stories/open-gui/Select.stories.tsx","tags":["story"]},"open-gui-select--secondary":{"type":"story","id":"open-gui-select--secondary","name":"No Label","title":"open-gui/Select","importPath":"./stories/open-gui/Select.stories.tsx","tags":["story"]},"open-gui-textarea--docs":{"id":"open-gui-textarea--docs","title":"open-gui/TextArea","name":"Docs","importPath":"./stories/open-gui/TextArea.stories.tsx","type":"docs","tags":["docs","autodocs"],"storiesImports":[]},"open-gui-textarea--primary":{"type":"story","id":"open-gui-textarea--primary","name":"Text Input","title":"open-gui/TextArea","importPath":"./stories/open-gui/TextArea.stories.tsx","tags":["story"]},"open-gui-textinput--docs":{"id":"open-gui-textinput--docs","title":"open-gui/TextInput","name":"Docs","importPath":"./stories/open-gui/TextInput.stories.tsx","type":"docs","tags":["docs","autodocs"],"storiesImports":[]},"open-gui-textinput--primary":{"type":"story","id":"open-gui-textinput--primary","name":"Text Input","title":"open-gui/TextInput","importPath":"./stories/open-gui/TextInput.stories.tsx","tags":["story"]},"open-gui-toggle--docs":{"id":"open-gui-toggle--docs","title":"open-gui/Toggle","name":"Docs","importPath":"./stories/open-gui/Toggle.stories.tsx","type":"docs","tags":["docs","autodocs"],"storiesImports":[]},"open-gui-toggle--primary":{"type":"story","id":"open-gui-toggle--primary","name":"Text Button","title":"open-gui/Toggle","importPath":"./stories/open-gui/Toggle.stories.tsx","tags":["story"]},"open-gui-treeview--docs":{"id":"open-gui-treeview--docs","title":"open-gui/TreeView","name":"Docs","importPath":"./stories/open-gui/TreeView.stories.tsx","type":"docs","tags":["docs","autodocs"],"storiesImports":[]},"open-gui-treeview--treee":{"type":"story","id":"open-gui-treeview--treee","name":"Tree View","title":"open-gui/TreeView","importPath":"./stories/open-gui/TreeView.stories.tsx","tags":["story"]},"open-gui-vector3input--docs":{"id":"open-gui-vector3input--docs","title":"open-gui/Vector3Input","name":"Docs","importPath":"./stories/open-gui/Vector3Input.stories.tsx","type":"docs","tags":["docs","autodocs"],"storiesImports":[]},"open-gui-vector3input--primary":{"type":"story","id":"open-gui-vector3input--primary","name":"Vector 3 Input","title":"open-gui/Vector3Input","importPath":"./stories/open-gui/Vector3Input.stories.tsx","tags":["story"]},"open-vp-environment--docs":{"id":"open-vp-environment--docs","title":"open-vp/Environment","name":"Docs","importPath":"./stories/open-vp/Environment.stories.tsx","type":"docs","tags":["docs","autodocs"],"storiesImports":[]},"open-vp-environment--primary":{"type":"story","id":"open-vp-environment--primary","name":"Imperative Programming","title":"open-vp/Environment","importPath":"./stories/open-vp/Environment.stories.tsx","tags":["story"]},"open-vp-environment--secondary":{"type":"story","id":"open-vp-environment--secondary","name":"Flow-Based Programming","title":"open-vp/Environment","importPath":"./stories/open-vp/Environment.stories.tsx","tags":["story"]},"open-vp-environment--tertiary":{"type":"story","id":"open-vp-environment--tertiary","name":"SOBORO Programming","title":"open-vp/Environment","importPath":"./stories/open-vp/Environment.stories.tsx","tags":["story"]}}}
