{"v":3,"stories":{"introduction--docs":{"id":"introduction--docs","title":"Introduction","name":"Docs","importPath":"./stories/Introduction.mdx","storiesImports":[],"tags":["unattached-mdx","docs"],"kind":"Introduction","story":"Docs","parameters":{"__id":"introduction--docs","docsOnly":true,"fileName":"./stories/Introduction.mdx"}},"installation--docs":{"id":"installation--docs","title":"Installation","name":"Docs","importPath":"./stories/Installation.mdx","storiesImports":[],"tags":["unattached-mdx","docs"],"kind":"Installation","story":"Docs","parameters":{"__id":"installation--docs","docsOnly":true,"fileName":"./stories/Installation.mdx"}},"usage--docs":{"id":"usage--docs","title":"Usage","name":"Docs","importPath":"./stories/Usage.mdx","storiesImports":[],"tags":["unattached-mdx","docs"],"kind":"Usage","story":"Docs","parameters":{"__id":"usage--docs","docsOnly":true,"fileName":"./stories/Usage.mdx"}},"types--docs":{"id":"types--docs","title":"Types","name":"Docs","importPath":"./stories/Types.mdx","storiesImports":[],"tags":["unattached-mdx","docs"],"kind":"Types","story":"Docs","parameters":{"__id":"types--docs","docsOnly":true,"fileName":"./stories/Types.mdx"}},"blockspec--docs":{"id":"blockspec--docs","title":"BlockSpec","name":"Docs","importPath":"./stories/BlockSpec.stories.tsx","tags":["docs","autodocs"],"storiesImports":[],"kind":"BlockSpec","story":"Docs","parameters":{"__id":"blockspec--docs","docsOnly":true,"fileName":"./stories/BlockSpec.stories.tsx"}},"blockspec--object-example":{"id":"blockspec--object-example","name":"Object Block","title":"BlockSpec","importPath":"./stories/BlockSpec.stories.tsx","tags":["story"],"kind":"BlockSpec","story":"Object Block","parameters":{"__id":"blockspec--object-example","docsOnly":false,"fileName":"./stories/BlockSpec.stories.tsx"}},"blockspec--flow-example":{"id":"blockspec--flow-example","name":"Flow-Based Programming","title":"BlockSpec","importPath":"./stories/BlockSpec.stories.tsx","tags":["story"],"kind":"BlockSpec","story":"Flow-Based Programming","parameters":{"__id":"blockspec--flow-example","docsOnly":false,"fileName":"./stories/BlockSpec.stories.tsx"}},"open-gui-actioniconbutton--docs":{"id":"open-gui-actioniconbutton--docs","title":"open-gui/ActionIconButton","name":"Docs","importPath":"./stories/open-gui/ActionIconButton.stories.tsx","tags":["docs","autodocs"],"storiesImports":[],"kind":"open-gui/ActionIconButton","story":"Docs","parameters":{"__id":"open-gui-actioniconbutton--docs","docsOnly":true,"fileName":"./stories/open-gui/ActionIconButton.stories.tsx"}},"open-gui-actioniconbutton--primary":{"id":"open-gui-actioniconbutton--primary","name":"Add Button","title":"open-gui/ActionIconButton","importPath":"./stories/open-gui/ActionIconButton.stories.tsx","tags":["story"],"kind":"open-gui/ActionIconButton","story":"Add Button","parameters":{"__id":"open-gui-actioniconbutton--primary","docsOnly":false,"fileName":"./stories/open-gui/ActionIconButton.stories.tsx"}},"open-gui-actioniconbutton--toggle":{"id":"open-gui-actioniconbutton--toggle","name":"Toggle Button","title":"open-gui/ActionIconButton","importPath":"./stories/open-gui/ActionIconButton.stories.tsx","tags":["story"],"kind":"open-gui/ActionIconButton","story":"Toggle Button","parameters":{"__id":"open-gui-actioniconbutton--toggle","docsOnly":false,"fileName":"./stories/open-gui/ActionIconButton.stories.tsx"}},"open-gui-dialog--docs":{"id":"open-gui-dialog--docs","title":"open-gui/Dialog","name":"Docs","importPath":"./stories/open-gui/Dialog.stories.tsx","tags":["docs","autodocs"],"storiesImports":[],"kind":"open-gui/Dialog","story":"Docs","parameters":{"__id":"open-gui-dialog--docs","docsOnly":true,"fileName":"./stories/open-gui/Dialog.stories.tsx"}},"open-gui-dialog--primary":{"id":"open-gui-dialog--primary","name":"Fixed Dialog","title":"open-gui/Dialog","importPath":"./stories/open-gui/Dialog.stories.tsx","tags":["story"],"kind":"open-gui/Dialog","story":"Fixed Dialog","parameters":{"__id":"open-gui-dialog--primary","docsOnly":false,"fileName":"./stories/open-gui/Dialog.stories.tsx"}},"open-gui-dialog--draggable":{"id":"open-gui-dialog--draggable","name":"Draggable Dialog","title":"open-gui/Dialog","importPath":"./stories/open-gui/Dialog.stories.tsx","tags":["story"],"kind":"open-gui/Dialog","story":"Draggable Dialog","parameters":{"__id":"open-gui-dialog--draggable","docsOnly":false,"fileName":"./stories/open-gui/Dialog.stories.tsx"}},"open-gui-nestedcontextmenu--docs":{"id":"open-gui-nestedcontextmenu--docs","title":"open-gui/NestedContextMenu","name":"Docs","importPath":"./stories/open-gui/NestedContextMenu.stories.tsx","tags":["docs","autodocs"],"storiesImports":[],"kind":"open-gui/NestedContextMenu","story":"Docs","parameters":{"__id":"open-gui-nestedcontextmenu--docs","docsOnly":true,"fileName":"./stories/open-gui/NestedContextMenu.stories.tsx"}},"open-gui-nestedcontextmenu--primary":{"id":"open-gui-nestedcontextmenu--primary","name":"Static Context Menu","title":"open-gui/NestedContextMenu","importPath":"./stories/open-gui/NestedContextMenu.stories.tsx","tags":["story"],"kind":"open-gui/NestedContextMenu","story":"Static Context Menu","parameters":{"__id":"open-gui-nestedcontextmenu--primary","docsOnly":false,"fileName":"./stories/open-gui/NestedContextMenu.stories.tsx"}},"open-gui-nesteddropdown--docs":{"id":"open-gui-nesteddropdown--docs","title":"open-gui/NestedDropdown","name":"Docs","importPath":"./stories/open-gui/NestedDropdown.stories.tsx","tags":["docs","autodocs"],"storiesImports":[],"kind":"open-gui/NestedDropdown","story":"Docs","parameters":{"__id":"open-gui-nesteddropdown--docs","docsOnly":true,"fileName":"./stories/open-gui/NestedDropdown.stories.tsx"}},"open-gui-nesteddropdown--primary":{"id":"open-gui-nesteddropdown--primary","name":"Static Dropdown","title":"open-gui/NestedDropdown","importPath":"./stories/open-gui/NestedDropdown.stories.tsx","tags":["story"],"kind":"open-gui/NestedDropdown","story":"Static Dropdown","parameters":{"__id":"open-gui-nesteddropdown--primary","docsOnly":false,"fileName":"./stories/open-gui/NestedDropdown.stories.tsx"}},"open-gui-numberinput--docs":{"id":"open-gui-numberinput--docs","title":"open-gui/NumberInput","name":"Docs","importPath":"./stories/open-gui/NumberInput.stories.tsx","tags":["docs","autodocs"],"storiesImports":[],"kind":"open-gui/NumberInput","story":"Docs","parameters":{"__id":"open-gui-numberinput--docs","docsOnly":true,"fileName":"./stories/open-gui/NumberInput.stories.tsx"}},"open-gui-numberinput--primary":{"id":"open-gui-numberinput--primary","name":"Text Button","title":"open-gui/NumberInput","importPath":"./stories/open-gui/NumberInput.stories.tsx","tags":["story"],"kind":"open-gui/NumberInput","story":"Text Button","parameters":{"__id":"open-gui-numberinput--primary","docsOnly":false,"fileName":"./stories/open-gui/NumberInput.stories.tsx"}},"open-gui-numberspinner--docs":{"id":"open-gui-numberspinner--docs","title":"open-gui/NumberSpinner","name":"Docs","importPath":"./stories/open-gui/NumberSpinner.stories.tsx","tags":["docs","autodocs"],"storiesImports":[],"kind":"open-gui/NumberSpinner","story":"Docs","parameters":{"__id":"open-gui-numberspinner--docs","docsOnly":true,"fileName":"./stories/open-gui/NumberSpinner.stories.tsx"}},"open-gui-numberspinner--primary":{"id":"open-gui-numberspinner--primary","name":"Text Button","title":"open-gui/NumberSpinner","importPath":"./stories/open-gui/NumberSpinner.stories.tsx","tags":["story"],"kind":"open-gui/NumberSpinner","story":"Text Button","parameters":{"__id":"open-gui-numberspinner--primary","docsOnly":false,"fileName":"./stories/open-gui/NumberSpinner.stories.tsx"}},"open-gui-scrollregion--docs":{"id":"open-gui-scrollregion--docs","title":"open-gui/ScrollRegion","name":"Docs","importPath":"./stories/open-gui/ScrollRegion.stories.tsx","tags":["docs","autodocs"],"storiesImports":[],"kind":"open-gui/ScrollRegion","story":"Docs","parameters":{"__id":"open-gui-scrollregion--docs","docsOnly":true,"fileName":"./stories/open-gui/ScrollRegion.stories.tsx"}},"open-gui-scrollregion--primary":{"id":"open-gui-scrollregion--primary","name":"Text Button","title":"open-gui/ScrollRegion","importPath":"./stories/open-gui/ScrollRegion.stories.tsx","tags":["story"],"kind":"open-gui/ScrollRegion","story":"Text Button","parameters":{"__id":"open-gui-scrollregion--primary","docsOnly":false,"fileName":"./stories/open-gui/ScrollRegion.stories.tsx"}},"open-gui-select--docs":{"id":"open-gui-select--docs","title":"open-gui/Select","name":"Docs","importPath":"./stories/open-gui/Select.stories.tsx","tags":["docs","autodocs"],"storiesImports":[],"kind":"open-gui/Select","story":"Docs","parameters":{"__id":"open-gui-select--docs","docsOnly":true,"fileName":"./stories/open-gui/Select.stories.tsx"}},"open-gui-select--primary":{"id":"open-gui-select--primary","name":"Standard Select","title":"open-gui/Select","importPath":"./stories/open-gui/Select.stories.tsx","tags":["story"],"kind":"open-gui/Select","story":"Standard Select","parameters":{"__id":"open-gui-select--primary","docsOnly":false,"fileName":"./stories/open-gui/Select.stories.tsx"}},"open-gui-select--secondary":{"id":"open-gui-select--secondary","name":"No Label","title":"open-gui/Select","importPath":"./stories/open-gui/Select.stories.tsx","tags":["story"],"kind":"open-gui/Select","story":"No Label","parameters":{"__id":"open-gui-select--secondary","docsOnly":false,"fileName":"./stories/open-gui/Select.stories.tsx"}},"open-gui-textarea--docs":{"id":"open-gui-textarea--docs","title":"open-gui/TextArea","name":"Docs","importPath":"./stories/open-gui/TextArea.stories.tsx","tags":["docs","autodocs"],"storiesImports":[],"kind":"open-gui/TextArea","story":"Docs","parameters":{"__id":"open-gui-textarea--docs","docsOnly":true,"fileName":"./stories/open-gui/TextArea.stories.tsx"}},"open-gui-textarea--primary":{"id":"open-gui-textarea--primary","name":"Text Input","title":"open-gui/TextArea","importPath":"./stories/open-gui/TextArea.stories.tsx","tags":["story"],"kind":"open-gui/TextArea","story":"Text Input","parameters":{"__id":"open-gui-textarea--primary","docsOnly":false,"fileName":"./stories/open-gui/TextArea.stories.tsx"}},"open-gui-textinput--docs":{"id":"open-gui-textinput--docs","title":"open-gui/TextInput","name":"Docs","importPath":"./stories/open-gui/TextInput.stories.tsx","tags":["docs","autodocs"],"storiesImports":[],"kind":"open-gui/TextInput","story":"Docs","parameters":{"__id":"open-gui-textinput--docs","docsOnly":true,"fileName":"./stories/open-gui/TextInput.stories.tsx"}},"open-gui-textinput--primary":{"id":"open-gui-textinput--primary","name":"Text Input","title":"open-gui/TextInput","importPath":"./stories/open-gui/TextInput.stories.tsx","tags":["story"],"kind":"open-gui/TextInput","story":"Text Input","parameters":{"__id":"open-gui-textinput--primary","docsOnly":false,"fileName":"./stories/open-gui/TextInput.stories.tsx"}},"open-gui-toggle--docs":{"id":"open-gui-toggle--docs","title":"open-gui/Toggle","name":"Docs","importPath":"./stories/open-gui/Toggle.stories.tsx","tags":["docs","autodocs"],"storiesImports":[],"kind":"open-gui/Toggle","story":"Docs","parameters":{"__id":"open-gui-toggle--docs","docsOnly":true,"fileName":"./stories/open-gui/Toggle.stories.tsx"}},"open-gui-toggle--primary":{"id":"open-gui-toggle--primary","name":"Text Button","title":"open-gui/Toggle","importPath":"./stories/open-gui/Toggle.stories.tsx","tags":["story"],"kind":"open-gui/Toggle","story":"Text Button","parameters":{"__id":"open-gui-toggle--primary","docsOnly":false,"fileName":"./stories/open-gui/Toggle.stories.tsx"}},"open-gui-treeview--docs":{"id":"open-gui-treeview--docs","title":"open-gui/TreeView","name":"Docs","importPath":"./stories/open-gui/TreeView.stories.tsx","tags":["docs","autodocs"],"storiesImports":[],"kind":"open-gui/TreeView","story":"Docs","parameters":{"__id":"open-gui-treeview--docs","docsOnly":true,"fileName":"./stories/open-gui/TreeView.stories.tsx"}},"open-gui-treeview--treee":{"id":"open-gui-treeview--treee","name":"Tree View","title":"open-gui/TreeView","importPath":"./stories/open-gui/TreeView.stories.tsx","tags":["story"],"kind":"open-gui/TreeView","story":"Tree View","parameters":{"__id":"open-gui-treeview--treee","docsOnly":false,"fileName":"./stories/open-gui/TreeView.stories.tsx"}},"open-gui-vector3input--docs":{"id":"open-gui-vector3input--docs","title":"open-gui/Vector3Input","name":"Docs","importPath":"./stories/open-gui/Vector3Input.stories.tsx","tags":["docs","autodocs"],"storiesImports":[],"kind":"open-gui/Vector3Input","story":"Docs","parameters":{"__id":"open-gui-vector3input--docs","docsOnly":true,"fileName":"./stories/open-gui/Vector3Input.stories.tsx"}},"open-gui-vector3input--primary":{"id":"open-gui-vector3input--primary","name":"Vector 3 Input","title":"open-gui/Vector3Input","importPath":"./stories/open-gui/Vector3Input.stories.tsx","tags":["story"],"kind":"open-gui/Vector3Input","story":"Vector 3 Input","parameters":{"__id":"open-gui-vector3input--primary","docsOnly":false,"fileName":"./stories/open-gui/Vector3Input.stories.tsx"}},"open-vp-environment--docs":{"id":"open-vp-environment--docs","title":"open-vp/Environment","name":"Docs","importPath":"./stories/open-vp/Environment.stories.tsx","tags":["docs","autodocs"],"storiesImports":[],"kind":"open-vp/Environment","story":"Docs","parameters":{"__id":"open-vp-environment--docs","docsOnly":true,"fileName":"./stories/open-vp/Environment.stories.tsx"}},"open-vp-environment--primary":{"id":"open-vp-environment--primary","name":"Imperative Programming","title":"open-vp/Environment","importPath":"./stories/open-vp/Environment.stories.tsx","tags":["story"],"kind":"open-vp/Environment","story":"Imperative Programming","parameters":{"__id":"open-vp-environment--primary","docsOnly":false,"fileName":"./stories/open-vp/Environment.stories.tsx"}},"open-vp-environment--secondary":{"id":"open-vp-environment--secondary","name":"Flow-Based Programming","title":"open-vp/Environment","importPath":"./stories/open-vp/Environment.stories.tsx","tags":["story"],"kind":"open-vp/Environment","story":"Flow-Based Programming","parameters":{"__id":"open-vp-environment--secondary","docsOnly":false,"fileName":"./stories/open-vp/Environment.stories.tsx"}},"open-vp-environment--tertiary":{"id":"open-vp-environment--tertiary","name":"SOBORO Programming","title":"open-vp/Environment","importPath":"./stories/open-vp/Environment.stories.tsx","tags":["story"],"kind":"open-vp/Environment","story":"SOBORO Programming","parameters":{"__id":"open-vp-environment--tertiary","docsOnly":false,"fileName":"./stories/open-vp/Environment.stories.tsx"}}}}
